-- ============================================================
-- v2: 研究者・管理者ページ用の包括的デモデータ
-- 既存 demo_seed_prod.sql の続きとして適用すること
--
-- 対象テーブル:
--   scat_projects, scat_segments, scat_codes (SCAT分析ページ用)
--   journal_scat_analyses + journal_scat_segments (新規学生18件分の SCAT セグメント)
--   goals (Joint Display / chat-goals-csv 用)
--   self_evaluations (Joint Display 用)
--   chat_sessions + chat_messages (chat-goals-csv 用)
--   human_evaluations + human_eval_items (信頼性分析・comparison 用)
--   evaluator_profiles (信頼性分析用)
--   icc_results + bland_altman_results (信頼性分析用)
-- ============================================================

-- =====================================================
-- 1) SCAT プロジェクト (SCATAnalysisPage 用)
-- =====================================================
INSERT OR IGNORE INTO scat_projects (id, title, description, created_by) VALUES
  ('scat-proj-001', '前期実習 SCAT分析 (1)', '2023年度前期 教育実習生 集中観察記録の SCAT 4ステップ分析', 'user-005'),
  ('scat-proj-002', '後期実習 SCAT分析 (1)', '2023年度後期 教育実習生 授業実施記録の SCAT 4ステップ分析', 'user-005');

-- SCAT セグメント (デモ: 各プロジェクトに 5-6 セグメント)
INSERT OR IGNORE INTO scat_segments (id, project_id, segment_order, text_content, source_journal_id) VALUES
  ('scat-seg-001-1','scat-proj-001',1,'担任の先生の授業を一日観察した。子供への語りかけが温かく、問いかけが丁寧だった。','j-101-w1'),
  ('scat-seg-001-2','scat-proj-001',2,'グループ活動の補助をした。児童に寄り添う支援の難しさを実感。','j-101-w5'),
  ('scat-seg-001-3','scat-proj-001',3,'今日は朝のホームルームから観察した。学級のルールが掲示物として可視化されていた。','j-102-w1'),
  ('scat-seg-001-4','scat-proj-001',4,'指導教員から「答えを言わず、考えさせる問いかけをするように」とアドバイスをいただいた。','j-103-w5'),
  ('scat-seg-001-5','scat-proj-001',5,'初めて単独でグループ学習を進行。困っている児童への声掛けが課題だった。','j-105-w5'),
  ('scat-seg-002-1','scat-proj-002',1,'前期の経験を生かして、最初から積極的に動く。','j-106-w1'),
  ('scat-seg-002-2','scat-proj-002',2,'係活動の話し合いを進行。意見の出にくい児童への配慮を学んだ。','j-106-w5'),
  ('scat-seg-002-3','scat-proj-002',3,'単元構造を意識した授業案を作成。指導案の修正点を整理。','j-107-w5'),
  ('scat-seg-002-4','scat-proj-002',4,'休み時間に話しかけられることが増えた。学級全体の雰囲気も把握できてきた。','j-108-w5'),
  ('scat-seg-002-5','scat-proj-002',5,'理科の実験で安全配慮の難しさを実感。班ごとの動きを俯瞰する力が必要。','j-109-w5');

-- SCAT コード (4ステップ コーディング)
INSERT OR IGNORE INTO scat_codes (id, segment_id, researcher_id, step1_keywords, step2_thesaurus, step3_concept, step4_theme, factor) VALUES
  ('scat-code-001-1','scat-seg-001-1','user-005','観察, 語りかけ, 温かい, 問いかけ','教師の発話, 関係構築','対人関係的支援','児童中心の関係構築','factor2'),
  ('scat-code-001-2','scat-seg-001-2','user-005','グループ活動, 寄り添う, 支援','個別支援, 場面対応','個別最適な学び','個別支援の困難性と価値','factor4'),
  ('scat-code-001-3','scat-seg-001-3','user-005','朝のホームルーム, ルール, 掲示物','学級経営, 環境整備','学級規律の可視化','学級経営における環境設定','factor2'),
  ('scat-code-001-4','scat-seg-001-4','user-005','答えを言わず, 考えさせる, 問いかけ','発問, 思考促進','探究を促す発問','発問技術と省察','factor1'),
  ('scat-code-001-5','scat-seg-001-5','user-005','単独, グループ学習, 困っている児童','授業運営, 声掛け','学習支援の判断','学習支援における判断力','factor3'),
  ('scat-code-002-1','scat-seg-002-1','user-005','前期の経験, 積極的, 動く','経験活用, 主体性','経験の転移','省察に基づく実践改善','factor3'),
  ('scat-code-002-2','scat-seg-002-2','user-005','係活動, 話し合い, 配慮','学級活動, 多様性配慮','インクルージョン','多様な児童への配慮','factor4'),
  ('scat-code-002-3','scat-seg-002-3','user-005','単元構造, 授業案, 指導案','単元計画, 教材研究','カリキュラムデザイン','単元レベルの計画立案','factor1'),
  ('scat-code-002-4','scat-seg-002-4','user-005','話しかけられる, 学級全体, 雰囲気','関係性, 集団把握','学級の集団力学','信頼関係に基づく学級理解','factor2'),
  ('scat-code-002-5','scat-seg-002-5','user-005','理科の実験, 安全配慮, 俯瞰','安全管理, 全体把握','リスクマネジメント','授業実施における安全配慮','factor4');

-- =====================================================
-- 2) journal_scat_analyses + segments (新規学生18件)
--    /api/data/scat/network /timeline で使用
-- =====================================================
INSERT OR IGNORE INTO journal_scat_analyses (id, journal_id, user_id, analysis_status, storyline, theoretical_description) VALUES
  ('jsa-101-w1','j-101-w1','user-005','completed','観察から発問技術を学ぶ第一週','初期段階では教師の発話パターンの分析が中心的視点となる'),
  ('jsa-101-w5','j-101-w5','user-005','completed','グループ学習における個別支援の困難','学習者の多様性に応じた支援の意思決定が課題化される'),
  ('jsa-102-w1','j-102-w1','user-005','completed','学校組織の俯瞰的理解','制度的環境の認知が実習初期の重要な学びとなる'),
  ('jsa-102-w5','j-102-w5','user-005','completed','教材研究と児童理解','教材の視覚化が概念理解を支援することを実証的に確認'),
  ('jsa-103-w1','j-103-w1','user-005','completed','観察記録の言語化','言語選択と関係構築の相互作用への気づき'),
  ('jsa-103-w5','j-103-w5','user-005','completed','個別差への対応','個別最適化された声掛けの実践的探究'),
  ('jsa-104-w1','j-104-w1','user-005','completed','実習初期の困難と適応','緊張から行動化への移行プロセス'),
  ('jsa-104-w5','j-104-w5','user-005','completed','関係構築と学級理解','机間指導を通じた児童理解の深化'),
  ('jsa-105-w1','j-105-w1','user-005','completed','教師の発話技術の観察','声のトーンと間が児童の集中を方向づける'),
  ('jsa-105-w5','j-105-w5','user-005','completed','発問の双方向性','一方的発問から双方向対話への移行への気づき'),
  ('jsa-106-w1','j-106-w1','user-005','completed','省察に基づく実践改善','前期の経験を後期の実践に転移させる省察'),
  ('jsa-106-w5','j-106-w5','user-005','completed','多様な児童への配慮','学級活動における多様性配慮'),
  ('jsa-107-w1','j-107-w1','user-005','completed','長期計画的学習','研究授業を見据えた計画的学習'),
  ('jsa-107-w5','j-107-w5','user-005','completed','単元レベルの計画立案','単元構造を意識した授業計画の作成'),
  ('jsa-108-w1','j-108-w1','user-005','completed','関係構築優先の戦略','前期反省を踏まえた優先順位設定'),
  ('jsa-108-w5','j-108-w5','user-005','completed','信頼関係に基づく学級理解','日常的接触を通じた信頼形成'),
  ('jsa-109-w1','j-109-w1','user-005','completed','観察記録の体系化','記録フォーマットの体系化志向'),
  ('jsa-109-w5','j-109-w5','user-005','completed','授業中の安全配慮','安全配慮と全体把握の同時遂行');

-- journal_scat_segments (1 analysis あたり 2 segments)
INSERT OR IGNORE INTO journal_scat_segments (id, analysis_id, journal_id, segment_order, raw_text, step1_focus_words, step2_outside_words, step3_explanatory_words, step4_theme_construct, step5_questions_issues) VALUES
  ('jss-101-w1-1','jsa-101-w1','j-101-w1',1,'担任の先生の授業を一日観察した','観察, 担任, 授業','参与観察','教師観察の方法論','教師観察, 教師の発話','どのように観察視点を定めるか'),
  ('jss-101-w1-2','jsa-101-w1','j-101-w1',2,'子供への語りかけが温かい','温かい, 語りかけ','情緒的支援','関係構築の技法','関係構築, 教師の発話','温かさの操作的定義'),
  ('jss-101-w5-1','jsa-101-w5','j-101-w5',1,'グループ活動の補助をした','補助, グループ活動','協働学習支援','学習場面の支援','学習支援, 個別支援','支援の質的差異'),
  ('jss-101-w5-2','jsa-101-w5','j-101-w5',2,'児童に寄り添う支援の難しさ','寄り添う, 難しさ','個別最適化','学習者中心の支援','個別支援, 教師の判断','どこまで介入するか'),
  ('jss-102-w1-1','jsa-102-w1','j-102-w1',1,'学校全体の流れを把握','把握, 流れ','学校組織','制度的環境理解','学校理解, 学級経営','組織理解の深度'),
  ('jss-102-w1-2','jsa-102-w1','j-102-w1',2,'職員会議や朝会の重要性','職員会議, 朝会','学校コミュニケーション','組織運営','学校理解, 教師の専門性','形式知の伝達'),
  ('jss-102-w5-1','jsa-102-w5','j-102-w5',1,'割合の概念導入で躓く児童が複数','躓く, 概念導入','学習困難','教材研究の必要','教材研究, 個別支援','概念形成の支援戦略'),
  ('jss-102-w5-2','jsa-102-w5','j-102-w5',2,'視覚教材を増やす必要性','視覚教材, 必要性','教材選択','学習支援としての教材','教材研究, 学習支援','視覚化の効果検証'),
  ('jss-103-w1-1','jsa-103-w1','j-103-w1',1,'静かに観察に徹した週','観察, 静か','参与観察','観察的学習','教師観察, 省察','沈黙の意味'),
  ('jss-103-w1-2','jsa-103-w1','j-103-w1',2,'担任の言葉選びがとても勉強になった','言葉選び, 勉強','言語選択','発話の意図性','教師の発話, 省察','言語の選択基準'),
  ('jss-103-w5-1','jsa-103-w5','j-103-w5',1,'音読の指導で個別差への対応','音読, 個別差','個別差認識','差異化指導','個別支援, 教師の判断','差異化の基準'),
  ('jss-103-w5-2','jsa-103-w5','j-103-w5',2,'一人ひとりに合った声掛けを意識','声掛け, 意識','個別声掛け','個別関係構築','関係構築, 個別支援','個別声掛けの効果'),
  ('jss-104-w1-1','jsa-104-w1','j-104-w1',1,'緊張で何もできなかった','緊張, できなかった','実習者の緊張','初期適応','省察, 学級経営','緊張を超える方法'),
  ('jss-104-w1-2','jsa-104-w1','j-104-w1',2,'明日からは少しずつ声を出す','声を出す, 少しずつ','行動化','段階的適応','省察, 教師の発話','段階的行動化'),
  ('jss-104-w5-1','jsa-104-w5','j-104-w5',1,'子どもとの関係が築けてきた','関係, 築く','関係形成','信頼関係構築','関係構築, 学級経営','関係形成の指標'),
  ('jss-104-w5-2','jsa-104-w5','j-104-w5',2,'机間指導も自分から動けるように','机間指導, 動く','机間指導','能動的支援','個別支援, 教師の判断','机間指導の質'),
  ('jss-105-w1-1','jsa-105-w1','j-105-w1',1,'担任の声のトーンと間','トーン, 間','非言語コミュニケーション','声の使い方','教師の発話, 教師観察','声の操作的定義'),
  ('jss-105-w1-2','jsa-105-w1','j-105-w1',2,'継続して観察したい','継続, 観察','継続観察','長期的観察','教師観察, 省察','観察視点の維持'),
  ('jss-105-w5-1','jsa-105-w5','j-105-w5',1,'発問が一方的になった','一方的, 発問','発問の質','発問技術','発問, 教師の発話','双方向発問とは'),
  ('jss-105-w5-2','jsa-105-w5','j-105-w5',2,'児童の反応を待つ','反応, 待つ','双方向性','応答待機','発問, 教師の判断','待ち時間の効果'),
  ('jss-106-w1-1','jsa-106-w1','j-106-w1',1,'前期の経験を生かして','経験, 生かす','経験転移','省察的実践','省察, 教師の専門性','経験の言語化'),
  ('jss-106-w1-2','jsa-106-w1','j-106-w1',2,'最初から積極的に動く','積極的, 動く','能動性','主体的実践','省察, 教師の判断','主体性の発揮'),
  ('jss-106-w5-1','jsa-106-w5','j-106-w5',1,'係活動の話し合いを進行','話し合い, 進行','学級活動運営','集団指導','学級経営, 教師の判断','話し合い進行の難しさ'),
  ('jss-106-w5-2','jsa-106-w5','j-106-w5',2,'意見の出にくい児童への配慮','配慮, 出にくい','多様性配慮','インクルーシブ実践','個別支援, 関係構築','配慮の実装'),
  ('jss-107-w1-1','jsa-107-w1','j-107-w1',1,'研究授業の準備を見据えて','研究授業, 見据える','長期計画','戦略的学習','省察, 教材研究','計画の柔軟性'),
  ('jss-107-w1-2','jsa-107-w1','j-107-w1',2,'計画的に学ぶ姿勢','計画的, 姿勢','計画的学習','省察的姿勢','省察, 教師の専門性','計画と即興のバランス'),
  ('jss-107-w5-1','jsa-107-w5','j-107-w5',1,'単元構造を意識した授業案','単元構造, 授業案','単元計画','カリキュラムデザイン','教材研究, 教師の専門性','単元の系統性'),
  ('jss-107-w5-2','jsa-107-w5','j-107-w5',2,'指導案の修正点を整理','修正点, 整理','指導案修正','省察的書き換え','教材研究, 省察','修正の根拠'),
  ('jss-108-w1-1','jsa-108-w1','j-108-w1',1,'前期の反省を踏まえて','反省, 踏まえる','省察','省察的判断','省察, 教師の判断','反省の質'),
  ('jss-108-w1-2','jsa-108-w1','j-108-w1',2,'児童一人ひとりとの関係構築を最優先','関係構築, 最優先','個別関係','関係優先戦略','関係構築, 個別支援','優先順位の根拠'),
  ('jss-108-w5-1','jsa-108-w5','j-108-w5',1,'休み時間に話しかけられる','休み時間, 話しかけ','日常的接触','信頼形成','関係構築, 学級経営','信頼の指標'),
  ('jss-108-w5-2','jsa-108-w5','j-108-w5',2,'学級全体の雰囲気も把握','学級全体, 雰囲気','集団雰囲気','学級全体把握','学級経営, 教師観察','雰囲気の把握法'),
  ('jss-109-w1-1','jsa-109-w1','j-109-w1',1,'記録の仕方を体系化したい','体系化, 記録','記録方法','省察的記録','省察, 教師の専門性','体系化の基準'),
  ('jss-109-w1-2','jsa-109-w1','j-109-w1',2,'観察カードを使ってみる','観察カード, 試行','ツール導入','省察ツール','教師観察, 省察','ツールの効果'),
  ('jss-109-w5-1','jsa-109-w5','j-109-w5',1,'理科の実験で安全配慮','安全配慮, 実験','安全管理','リスクマネジメント','学級経営, 教師の判断','安全と探究の両立'),
  ('jss-109-w5-2','jsa-109-w5','j-109-w5',2,'班ごとの動きを俯瞰','班, 俯瞰','全体把握','俯瞰的把握','教師観察, 教師の判断','俯瞰能力の養成');

-- =====================================================
-- 3) self_evaluations (Joint Display 用 - 10名×3週分=30件)
-- =====================================================
INSERT OR IGNORE INTO self_evaluations (id, student_id, week_number, factor1_score, factor2_score, factor3_score, factor4_score, factor5_score, factor6_score, total_score, rd_journal_level, comment) VALUES
  ('se-001-1','user-001',1,  2.4,2.3,2.5,2.4,2.5,2.3, 2.40, 2, '初週、観察視点を意識'),
  ('se-001-5','user-001',5,  3.2,3.0,3.3,3.1,3.2,3.0, 3.15, 3, '授業実施を経験'),
  ('se-001-10','user-001',10,4.0,3.9,4.1,3.9,4.0,3.8, 3.98, 4, '振り返りが定着'),
  ('se-101-1','user-101',1, 2.1,2.0,2.2,2.1,2.2,2.0, 2.10, 2, '観察に徹した'),
  ('se-101-5','user-101',5, 3.5,3.4,3.6,3.5,3.6,3.4, 3.50, 3, '主体的に動けた'),
  ('se-101-10','user-101',10,4.5,4.4,4.6,4.5,4.6,4.4, 4.50, 4, '高い達成感'),
  ('se-102-1','user-102',1, 2.9,2.8,3.0,2.9,3.0,2.8, 2.90, 3, '基本理解は十分'),
  ('se-102-5','user-102',5, 3.3,3.2,3.4,3.3,3.4,3.2, 3.30, 3, '安定して進行'),
  ('se-102-10','user-102',10,3.8,3.7,3.9,3.8,3.9,3.7, 3.80, 3, '一定の成長'),
  ('se-103-1','user-103',1, 2.3,2.2,2.4,2.3,2.4,2.2, 2.30, 2, '記録の質に課題'),
  ('se-103-5','user-103',5, 2.9,2.8,3.0,2.9,3.0,2.8, 2.90, 3, '気づきが増えた'),
  ('se-103-10','user-103',10,4.3,4.2,4.4,4.3,4.4,4.2, 4.30, 4, '後半に急成長'),
  ('se-104-1','user-104',1, 1.9,1.8,2.0,1.9,2.0,1.8, 1.90, 1, '緊張で動けなかった'),
  ('se-104-5','user-104',5, 2.7,2.6,2.8,2.7,2.8,2.6, 2.70, 3, '徐々に慣れる'),
  ('se-104-10','user-104',10,3.9,3.8,4.0,3.9,4.0,3.8, 3.90, 4, '最後に大きく伸びた'),
  ('se-105-1','user-105',1, 2.5,2.4,2.6,2.5,2.6,2.4, 2.50, 2, '観察が習慣化'),
  ('se-105-5','user-105',5, 3.6,3.5,3.7,3.6,3.7,3.5, 3.60, 3, '発問計画が改善'),
  ('se-105-10','user-105',10,4.4,4.3,4.5,4.4,4.5,4.3, 4.40, 4, '一貫した成長'),
  ('se-106-1','user-106',1, 2.6,2.5,2.7,2.6,2.7,2.5, 2.60, 3, '後期は積極的に'),
  ('se-106-5','user-106',5, 3.4,3.3,3.5,3.4,3.5,3.3, 3.40, 3, '学級活動運営に挑戦'),
  ('se-106-10','user-106',10,3.9,3.8,4.0,3.9,4.0,3.8, 3.90, 4, '安定の伸び'),
  ('se-107-1','user-107',1, 3.1,3.0,3.2,3.1,3.2,3.0, 3.10, 3, '計画的に学習'),
  ('se-107-5','user-107',5, 3.9,3.8,4.0,3.9,4.0,3.8, 3.90, 4, '単元計画作成'),
  ('se-107-10','user-107',10,4.6,4.5,4.7,4.6,4.7,4.5, 4.60, 5, '高水準の達成'),
  ('se-108-1','user-108',1, 2.7,2.6,2.8,2.7,2.8,2.6, 2.70, 2, '関係構築優先'),
  ('se-108-5','user-108',5, 3.7,3.6,3.8,3.7,3.8,3.6, 3.70, 3, '信頼関係構築進行'),
  ('se-108-10','user-108',10,4.0,3.9,4.1,4.0,4.1,3.9, 4.00, 4, '安定の関係性'),
  ('se-109-1','user-109',1, 2.4,2.3,2.5,2.4,2.5,2.3, 2.40, 2, '記録の体系化志向'),
  ('se-109-5','user-109',5, 3.3,3.2,3.4,3.3,3.4,3.2, 3.30, 3, '安全配慮への気づき'),
  ('se-109-10','user-109',10,3.7,3.6,3.8,3.7,3.8,3.6, 3.70, 3, '穏やかな伸び');

-- =====================================================
-- 4) goals (chat-goals-csv 用)
-- =====================================================
INSERT OR IGNORE INTO goals (id, student_id, week_number, goal_text, target_factor, is_smart, smart_specific, smart_measurable, smart_achievable, smart_relevant, smart_time_bound, achieved) VALUES
  ('g-001-w1','user-001',1,'今週中に発問の語尾を3パターン以上使い分ける','factor1',1,1,1,1,1,1,1),
  ('g-001-w5','user-001',5,'机間指導で1日5回以上、ヒント発問を行う','factor3',1,1,1,1,1,1,1),
  ('g-101-w1','user-101',1,'観察視点を3つに絞り、毎日メモする','factor3',1,1,1,1,1,1,1),
  ('g-101-w5','user-101',5,'グループ活動で全員に一度は声掛けする','factor2',1,1,1,1,1,1,1),
  ('g-102-w5','user-102',5,'視覚教材を毎週1つ自作する','factor1',1,1,1,1,1,1,0),
  ('g-103-w5','user-103',5,'音読指導で個別差に応じた声掛けを3回以上','factor4',1,1,1,1,1,1,1),
  ('g-104-w5','user-104',5,'授業中に自分から児童に声をかける（1日3回）','factor2',1,1,1,1,1,1,1),
  ('g-105-w5','user-105',5,'児童の発言を5秒以上待ってから次の発問','factor1',1,1,1,1,1,1,1),
  ('g-106-w5','user-106',5,'学級活動で意見の出にくい児童に必ず一度は声掛け','factor4',1,1,1,1,1,1,1),
  ('g-107-w5','user-107',5,'単元計画を1単元分書き上げる','factor1',1,1,1,1,1,1,1),
  ('g-108-w5','user-108',5,'1日1回以上、休み時間に児童と対話する','factor2',1,1,1,1,1,1,1),
  ('g-109-w5','user-109',5,'観察カードを毎日記入する','factor3',1,1,1,1,1,1,0);

-- =====================================================
-- 5) chat_sessions + chat_messages (CoT-C チャット)
-- =====================================================
INSERT OR IGNORE INTO chat_sessions (id, student_id, journal_id, current_state, phase_reached, total_turns, question_count, max_rd_chat_level, goal_set, goal_is_smart, session_duration_sec, completed) VALUES
  ('cs-101-w1','user-101','j-101-w1','completed','phase4',8,6,3,1,1,420,1),
  ('cs-101-w5','user-101','j-101-w5','completed','phase4',10,7,4,1,1,520,1),
  ('cs-102-w5','user-102','j-102-w5','completed','phase4',9,6,3,1,1,460,1),
  ('cs-103-w5','user-103','j-103-w5','completed','phase4',8,5,3,1,1,400,1),
  ('cs-105-w5','user-105','j-105-w5','completed','phase4',11,8,4,1,1,580,1),
  ('cs-107-w5','user-107','j-107-w5','completed','phase4',12,9,5,1,1,640,1);

INSERT OR IGNORE INTO chat_messages (id, session_id, message_order, phase, role, content, reflection_depth) VALUES
  ('cm-101-w1-1','cs-101-w1',1,'phase1','assistant','今週の観察で一番印象に残ったことは何でしたか？',NULL),
  ('cm-101-w1-2','cs-101-w1',2,'phase1','user','担任の発問のテンポと板書計画の重要性が印象的でした',2),
  ('cm-101-w1-3','cs-101-w1',3,'phase2','assistant','なぜそれが印象的だったのでしょうか？',NULL),
  ('cm-101-w1-4','cs-101-w1',4,'phase2','user','自分が発問するとき、間がうまく取れず児童が反応する前に次に進んでしまうから',3),
  ('cm-101-w1-5','cs-101-w1',5,'phase3','assistant','次の授業で「間を取る」ために何を試せそうですか？',NULL),
  ('cm-101-w1-6','cs-101-w1',6,'phase3','user','発問後、心の中で3秒数えてから次の言葉を出してみます',3),
  ('cm-101-w1-7','cs-101-w1',7,'phase4','assistant','では具体的な目標を SMART で表現してみましょう。',NULL),
  ('cm-101-w1-8','cs-101-w1',8,'phase4','user','観察視点を3つに絞り、毎日メモする',3),
  ('cm-101-w5-1','cs-101-w5',1,'phase1','assistant','今日のグループ学習はどうでしたか？',NULL),
  ('cm-101-w5-2','cs-101-w5',2,'phase1','user','困っている児童に声掛けが上手くできなかった',3),
  ('cm-101-w5-3','cs-101-w5',3,'phase2','assistant','「上手くできなかった」というのは具体的にどう？',NULL),
  ('cm-101-w5-4','cs-101-w5',4,'phase2','user','答えを言いそうになり、結局抽象的な助言になった',3),
  ('cm-101-w5-5','cs-101-w5',5,'phase3','assistant','「答えを言わない」発問のヒントを考えてみましょう',NULL),
  ('cm-101-w5-6','cs-101-w5',6,'phase3','user','「今わかっていることを教えて」から始める',4),
  ('cm-101-w5-7','cs-101-w5',7,'phase4','assistant','次週の目標は？',NULL),
  ('cm-101-w5-8','cs-101-w5',8,'phase4','user','グループ活動で全員に一度は声掛けする',4),
  ('cm-102-w5-1','cs-102-w5',1,'phase1','assistant','算数の研究授業で気づいたことは？',NULL),
  ('cm-102-w5-2','cs-102-w5',2,'phase1','user','概念導入で躓く児童が多かった',3),
  ('cm-102-w5-3','cs-102-w5',3,'phase4','user','視覚教材を毎週1つ自作する',3),
  ('cm-103-w5-1','cs-103-w5',1,'phase1','assistant','音読指導で印象的だったことは？',NULL),
  ('cm-103-w5-2','cs-103-w5',2,'phase1','user','個別差への対応の難しさ',3),
  ('cm-103-w5-3','cs-103-w5',3,'phase4','user','音読指導で個別差に応じた声掛けを3回以上',3),
  ('cm-105-w5-1','cs-105-w5',1,'phase1','assistant','今日の授業で改善したい点は？',NULL),
  ('cm-105-w5-2','cs-105-w5',2,'phase1','user','発問が一方的になった',4),
  ('cm-105-w5-3','cs-105-w5',3,'phase4','user','児童の発言を5秒以上待ってから次の発問',4),
  ('cm-107-w5-1','cs-107-w5',1,'phase1','assistant','単元計画作成での気づきは？',NULL),
  ('cm-107-w5-2','cs-107-w5',2,'phase1','user','単元構造の重要性',5),
  ('cm-107-w5-3','cs-107-w5',3,'phase4','user','単元計画を1単元分書き上げる',5);

-- =====================================================
-- 6) human_evaluations (信頼性分析・comparison 用)
-- =====================================================
INSERT OR IGNORE INTO human_evaluations (id, journal_id, evaluator_id, evaluator_name, total_score, factor1_score, factor2_score, factor3_score, factor4_score, factor5_score, factor6_score, comment) VALUES
  ('he-101-w1','j-101-w1','user-008','小林 評価者', 2.50, 2.4, 2.5, 2.6, 2.5,2.6,2.4, '導入週として良好。視点の言語化が次の課題。'),
  ('he-101-w5','j-101-w5','user-008','小林 評価者', 3.80, 3.7, 3.8, 3.9, 3.8,3.9,3.7, '具体的な気づきが多く、改善案も実践的。'),
  ('he-102-w1','j-102-w1','user-008','小林 評価者', 3.10, 3.0, 3.1, 3.1, 3.2,3.3,3.1, '俯瞰的視点が確立。'),
  ('he-102-w5','j-102-w5','user-008','小林 評価者', 3.50, 3.4, 3.5, 3.5, 3.6,3.7,3.5, '具体的な課題発見。'),
  ('he-103-w1','j-103-w1','user-008','小林 評価者', 2.50, 2.4, 2.5, 2.5, 2.6,2.7,2.5, '観察の質を上げる必要。'),
  ('he-103-w5','j-103-w5','user-008','小林 評価者', 3.10, 3.0, 3.1, 3.1, 3.2,3.3,3.1, '個別差認識が明示。'),
  ('he-104-w1','j-104-w1','user-008','小林 評価者', 2.10, 2.0, 2.1, 2.1, 2.2,2.3,2.1, '初期適応を支援する必要。'),
  ('he-104-w5','j-104-w5','user-008','小林 評価者', 2.90, 2.8, 2.9, 2.9, 3.0,3.1,2.9, '関係構築の進展が顕著。'),
  ('he-105-w1','j-105-w1','user-008','小林 評価者', 2.70, 2.6, 2.7, 2.7, 2.8,2.9,2.7, '観察視点が明確。'),
  ('he-105-w5','j-105-w5','user-008','小林 評価者', 3.80, 3.7, 3.8, 3.8, 3.9,4.0,3.8, '改善志向が明確。'),
  ('he-106-w1','j-106-w1','user-008','小林 評価者', 2.80, 2.7, 2.8, 2.8, 2.9,3.0,2.8, '前期経験の転移が見える。'),
  ('he-106-w5','j-106-w5','user-008','小林 評価者', 3.60, 3.5, 3.6, 3.6, 3.7,3.8,3.6, '多様性配慮が言語化。'),
  ('he-107-w1','j-107-w1','user-008','小林 評価者', 3.30, 3.2, 3.3, 3.3, 3.4,3.5,3.3, '計画性が際立つ。'),
  ('he-107-w5','j-107-w5','user-008','小林 評価者', 4.10, 4.0, 4.1, 4.1, 4.2,4.3,4.1, '単元理解が深い。'),
  ('he-108-w1','j-108-w1','user-008','小林 評価者', 2.90, 2.8, 2.9, 2.9, 3.0,3.1,2.9, '反省と優先順位設定。'),
  ('he-108-w5','j-108-w5','user-008','小林 評価者', 3.80, 3.7, 3.8, 3.8, 3.9,4.0,3.8, '関係構築の手応え。'),
  ('he-109-w1','j-109-w1','user-008','小林 評価者', 2.60, 2.5, 2.6, 2.6, 2.7,2.8,2.6, '記録方法の体系化志向。'),
  ('he-109-w5','j-109-w5','user-008','小林 評価者', 3.50, 3.4, 3.5, 3.5, 3.6,3.7,3.5, '安全配慮への気づき。');

-- human_eval_items (各 human evaluation に対する 8 項目評価)
INSERT OR IGNORE INTO human_eval_items (id, human_eval_id, item_number, score, rd_level) VALUES
  ('hei-101-w1-1','he-101-w1',1,2,'RD2'),('hei-101-w1-2','he-101-w1',2,2,'RD2'),('hei-101-w1-3','he-101-w1',3,3,'RD3'),('hei-101-w1-4','he-101-w1',4,2,'RD2'),
  ('hei-101-w5-1','he-101-w5',1,4,'RD4'),('hei-101-w5-2','he-101-w5',2,4,'RD4'),('hei-101-w5-3','he-101-w5',3,4,'RD4'),('hei-101-w5-4','he-101-w5',4,4,'RD4'),
  ('hei-107-w5-1','he-107-w5',1,4,'RD4'),('hei-107-w5-2','he-107-w5',2,4,'RD4'),('hei-107-w5-3','he-107-w5',3,4,'RD4'),('hei-107-w5-4','he-107-w5',4,4,'RD4');

-- =====================================================
-- 7) evaluator_profiles
-- =====================================================
INSERT OR IGNORE INTO evaluator_profiles (evaluator_id, years_of_experience, training_background) VALUES
  ('user-008', 12, '小学校教諭・教育実習指導 12年・SCAT分析講習修了'),
  ('user-005', 18, '教育学博士・実習評価研究 18年'),
  ('user-002', 15, '〇〇大学 教育学部 教授 (教育方法学)');

-- =====================================================
-- 8) icc_results + bland_altman_results (信頼性分析)
-- =====================================================
INSERT OR IGNORE INTO icc_results (id, run_id, scope, factor, icc_value, ci_lower, ci_upper, f_value, df1, df2, p_value, interpretation, rater_count, subject_count, krippendorff_alpha, pearson_r, pearson_p) VALUES
  ('icc-run01-total','run-2024-001','demo-cohort-001','total', 0.852, 0.781, 0.903, 12.45, 17, 17, 0.0001, 'good (0.75-0.90)', 2, 18, 0.846, 0.872, 0.0001),
  ('icc-run01-f1','run-2024-001','demo-cohort-001','factor1', 0.825, 0.752, 0.882, 11.05, 17, 17, 0.0002, 'good', 2, 18, 0.819, 0.844, 0.0002),
  ('icc-run01-f2','run-2024-001','demo-cohort-001','factor2', 0.845, 0.772, 0.898, 12.05, 17, 17, 0.0001, 'good', 2, 18, 0.839, 0.866, 0.0001),
  ('icc-run01-f3','run-2024-001','demo-cohort-001','factor3', 0.812, 0.738, 0.872, 10.41, 17, 17, 0.0003, 'good', 2, 18, 0.806, 0.831, 0.0003),
  ('icc-run01-f4','run-2024-001','demo-cohort-001','factor4', 0.862, 0.793, 0.911, 13.21, 17, 17, 0.0001, 'good', 2, 18, 0.856, 0.881, 0.0001);

INSERT OR IGNORE INTO bland_altman_results (id, run_id, factor, mean_diff, sd_diff, loa_upper, loa_lower, ci_mean_upper, ci_mean_lower, outlier_ratio, bias_p_value, subject_count) VALUES
  ('ba-run01-total','run-2024-001','total', -0.02, 0.31, 0.59, -0.63, 0.13, -0.17, 0.056, 0.72, 18),
  ('ba-run01-f1','run-2024-001','factor1', 0.05, 0.34, 0.72, -0.62, 0.21, -0.11, 0.056, 0.51, 18),
  ('ba-run01-f2','run-2024-001','factor2', -0.03, 0.30, 0.56, -0.62, 0.12, -0.18, 0.056, 0.68, 18),
  ('ba-run01-f3','run-2024-001','factor3', -0.01, 0.33, 0.64, -0.66, 0.15, -0.17, 0.056, 0.89, 18),
  ('ba-run01-f4','run-2024-001','factor4', 0.02, 0.28, 0.57, -0.53, 0.16, -0.12, 0.000, 0.76, 18);
