-- ============================================================
-- 本番DBスキーマ向け 最小デモシード
-- 既存 user-001 (山田 太郎) に加え、学生9名を追加し
-- 全員に 10週分の learning_progress_scores / journal_entries /
-- bfi_responses / cohort_memberships / teacher_assignments を投入
-- ============================================================

-- ── コーホート（cohorts スキーマ: id, name, description, created_at）
INSERT OR IGNORE INTO cohorts (id, name, description) VALUES
  ('cohort-001', '2023年度 前期教育実習', '〇〇大学 教育学部 3年生集中実習'),
  ('cohort-002', '2023年度 後期教育実習', '〇〇大学 教育学部 4年生分散実習');

-- ── 追加学生 9 名（password = "password" 既存 user-001 と同じハッシュ）
INSERT OR IGNORE INTO users (id, email, name, role, student_number, grade, password_hash, created_at) VALUES
  ('user-101','student-tanaka@teaching-eval.jp','田中 美咲','student','S2023-101',3,'$2b$10$lHMsxgQ9lQLjT98iedCPm..oZV4CKKRk3u6sq8XlSmRUEy0weKdh6','2023-04-01'),
  ('user-102','student-sasaki@teaching-eval.jp','佐々木 健太','student','S2023-102',4,'$2b$10$lHMsxgQ9lQLjT98iedCPm..oZV4CKKRk3u6sq8XlSmRUEy0weKdh6','2023-04-01'),
  ('user-103','student-ito@teaching-eval.jp','伊藤 さくら','student','S2023-103',3,'$2b$10$lHMsxgQ9lQLjT98iedCPm..oZV4CKKRk3u6sq8XlSmRUEy0weKdh6','2023-04-01'),
  ('user-104','student-takahashi@teaching-eval.jp','高橋 大輔','student','S2023-104',4,'$2b$10$lHMsxgQ9lQLjT98iedCPm..oZV4CKKRk3u6sq8XlSmRUEy0weKdh6','2023-04-01'),
  ('user-105','student-kobayashi@teaching-eval.jp','小林 由美','student','S2023-105',3,'$2b$10$lHMsxgQ9lQLjT98iedCPm..oZV4CKKRk3u6sq8XlSmRUEy0weKdh6','2023-04-01'),
  ('user-106','student-saito@teaching-eval.jp','齋藤 翔太','student','S2023-106',3,'$2b$10$lHMsxgQ9lQLjT98iedCPm..oZV4CKKRk3u6sq8XlSmRUEy0weKdh6','2023-04-01'),
  ('user-107','student-yamamoto@teaching-eval.jp','山本 結衣','student','S2023-107',4,'$2b$10$lHMsxgQ9lQLjT98iedCPm..oZV4CKKRk3u6sq8XlSmRUEy0weKdh6','2023-04-01'),
  ('user-108','student-nakamura@teaching-eval.jp','中村 拓海','student','S2023-108',3,'$2b$10$lHMsxgQ9lQLjT98iedCPm..oZV4CKKRk3u6sq8XlSmRUEy0weKdh6','2023-04-01'),
  ('user-109','student-watanabe@teaching-eval.jp','渡辺 千夏','student','S2023-109',4,'$2b$10$lHMsxgQ9lQLjT98iedCPm..oZV4CKKRk3u6sq8XlSmRUEy0weKdh6','2023-04-01');

-- ── cohort_memberships（id 必須）
INSERT OR IGNORE INTO cohort_memberships (id, cohort_id, student_id) VALUES
  ('cm-001','cohort-001','user-001'),
  ('cm-101','cohort-001','user-101'),
  ('cm-102','cohort-001','user-102'),
  ('cm-103','cohort-001','user-103'),
  ('cm-104','cohort-001','user-104'),
  ('cm-105','cohort-001','user-105'),
  ('cm-106','cohort-002','user-106'),
  ('cm-107','cohort-002','user-107'),
  ('cm-108','cohort-002','user-108'),
  ('cm-109','cohort-002','user-109');

-- ── teacher_assignments (univ_teacher=user-002, school_mentor=user-003 をコホート単位で割当)
INSERT OR IGNORE INTO teacher_assignments (id, teacher_user_id, assignment_level, cohort_id, is_active) VALUES
  ('ta-001','user-002','cohort','cohort-001',1),
  ('ta-002','user-002','cohort','cohort-002',1),
  ('ta-003','user-003','cohort','cohort-001',1),
  ('ta-004','user-003','cohort','cohort-002',1);

-- ── BigFive (bfi_responses) ── 学生10名分
INSERT OR REPLACE INTO bfi_responses (id, user_id, openness, conscientiousness, extraversion, agreeableness, neuroticism, is_completed) VALUES
  ('bfi-001','user-001', 3.8, 4.1, 3.5, 4.2, 2.8, 1),
  ('bfi-101','user-101', 4.2, 3.9, 4.0, 4.0, 2.5, 1),
  ('bfi-102','user-102', 3.5, 4.3, 3.2, 3.8, 2.2, 1),
  ('bfi-103','user-103', 4.5, 3.7, 4.4, 4.5, 3.1, 1),
  ('bfi-104','user-104', 3.2, 4.0, 2.9, 3.6, 2.0, 1),
  ('bfi-105','user-105', 4.0, 4.2, 3.7, 4.3, 2.7, 1),
  ('bfi-106','user-106', 3.6, 3.5, 3.3, 3.9, 3.0, 1),
  ('bfi-107','user-107', 4.3, 4.4, 4.1, 4.6, 2.4, 1),
  ('bfi-108','user-108', 3.9, 3.8, 3.6, 4.0, 2.9, 1),
  ('bfi-109','user-109', 4.1, 4.0, 3.8, 4.2, 2.6, 1);

-- ── learning_progress_scores ── 学生10名 × 10週分（合計 100件）
-- 値は学生ごとに少し異なる成長曲線を再現
INSERT OR IGNORE INTO learning_progress_scores (id, student_id, week_number, factor1_score, factor2_score, factor3_score, factor4_score, factor5_score, factor6_score, total_score) VALUES
  -- user-001 (山田 太郎)
  ('lps-001-1','user-001',1, 2.5,2.4,2.6,2.5,2.6,2.4, 2.50),
  ('lps-001-2','user-001',2, 2.7,2.6,2.8,2.6,2.7,2.5, 2.68),
  ('lps-001-3','user-001',3, 2.9,2.8,3.0,2.8,2.9,2.7, 2.88),
  ('lps-001-4','user-001',4, 3.1,3.0,3.2,3.0,3.1,2.9, 3.08),
  ('lps-001-5','user-001',5, 3.3,3.1,3.4,3.2,3.3,3.1, 3.25),
  ('lps-001-6','user-001',6, 3.5,3.3,3.6,3.4,3.5,3.3, 3.45),
  ('lps-001-7','user-001',7, 3.7,3.5,3.8,3.6,3.7,3.5, 3.65),
  ('lps-001-8','user-001',8, 3.8,3.6,3.9,3.7,3.8,3.6, 3.75),
  ('lps-001-9','user-001',9, 3.9,3.8,4.0,3.8,3.9,3.7, 3.88),
  ('lps-001-10','user-001',10, 4.1,4.0,4.2,4.0,4.1,3.9, 4.08),
  -- user-101 (田中 美咲) - 高成長型
  ('lps-101-1','user-101',1, 2.2,2.1,2.3,2.2,2.3,2.1, 2.20),
  ('lps-101-2','user-101',2, 2.5,2.4,2.6,2.5,2.6,2.4, 2.50),
  ('lps-101-3','user-101',3, 2.9,2.8,3.0,2.9,3.0,2.8, 2.90),
  ('lps-101-4','user-101',4, 3.3,3.2,3.4,3.3,3.4,3.2, 3.30),
  ('lps-101-5','user-101',5, 3.6,3.5,3.7,3.6,3.7,3.5, 3.60),
  ('lps-101-6','user-101',6, 3.9,3.8,4.0,3.9,4.0,3.8, 3.90),
  ('lps-101-7','user-101',7, 4.1,4.0,4.2,4.1,4.2,4.0, 4.10),
  ('lps-101-8','user-101',8, 4.3,4.2,4.4,4.3,4.4,4.2, 4.30),
  ('lps-101-9','user-101',9, 4.5,4.4,4.6,4.5,4.6,4.4, 4.50),
  ('lps-101-10','user-101',10, 4.6,4.5,4.7,4.6,4.7,4.5, 4.60),
  -- user-102 (佐々木 健太) - 安定型
  ('lps-102-1','user-102',1, 3.0,2.9,3.1,3.0,3.1,2.9, 3.00),
  ('lps-102-2','user-102',2, 3.1,3.0,3.2,3.1,3.2,3.0, 3.10),
  ('lps-102-3','user-102',3, 3.2,3.1,3.3,3.2,3.3,3.1, 3.20),
  ('lps-102-4','user-102',4, 3.3,3.2,3.4,3.3,3.4,3.2, 3.30),
  ('lps-102-5','user-102',5, 3.4,3.3,3.5,3.4,3.5,3.3, 3.40),
  ('lps-102-6','user-102',6, 3.5,3.4,3.6,3.5,3.6,3.4, 3.50),
  ('lps-102-7','user-102',7, 3.6,3.5,3.7,3.6,3.7,3.5, 3.60),
  ('lps-102-8','user-102',8, 3.7,3.6,3.8,3.7,3.8,3.6, 3.70),
  ('lps-102-9','user-102',9, 3.8,3.7,3.9,3.8,3.9,3.7, 3.80),
  ('lps-102-10','user-102',10, 3.9,3.8,4.0,3.9,4.0,3.8, 3.90),
  -- user-103 (伊藤 さくら) - 後半伸長型
  ('lps-103-1','user-103',1, 2.4,2.3,2.5,2.4,2.5,2.3, 2.40),
  ('lps-103-2','user-103',2, 2.5,2.4,2.6,2.5,2.6,2.4, 2.50),
  ('lps-103-3','user-103',3, 2.7,2.6,2.8,2.7,2.8,2.6, 2.70),
  ('lps-103-4','user-103',4, 2.9,2.8,3.0,2.9,3.0,2.8, 2.90),
  ('lps-103-5','user-103',5, 3.0,2.9,3.1,3.0,3.1,2.9, 3.00),
  ('lps-103-6','user-103',6, 3.3,3.2,3.4,3.3,3.4,3.2, 3.30),
  ('lps-103-7','user-103',7, 3.7,3.6,3.8,3.7,3.8,3.6, 3.70),
  ('lps-103-8','user-103',8, 4.0,3.9,4.1,4.0,4.1,3.9, 4.00),
  ('lps-103-9','user-103',9, 4.2,4.1,4.3,4.2,4.3,4.1, 4.20),
  ('lps-103-10','user-103',10, 4.4,4.3,4.5,4.4,4.5,4.3, 4.40),
  -- user-104 (高橋 大輔) - スロースタート型
  ('lps-104-1','user-104',1, 2.0,1.9,2.1,2.0,2.1,1.9, 2.00),
  ('lps-104-2','user-104',2, 2.1,2.0,2.2,2.1,2.2,2.0, 2.10),
  ('lps-104-3','user-104',3, 2.3,2.2,2.4,2.3,2.4,2.2, 2.30),
  ('lps-104-4','user-104',4, 2.5,2.4,2.6,2.5,2.6,2.4, 2.50),
  ('lps-104-5','user-104',5, 2.8,2.7,2.9,2.8,2.9,2.7, 2.80),
  ('lps-104-6','user-104',6, 3.1,3.0,3.2,3.1,3.2,3.0, 3.10),
  ('lps-104-7','user-104',7, 3.4,3.3,3.5,3.4,3.5,3.3, 3.40),
  ('lps-104-8','user-104',8, 3.6,3.5,3.7,3.6,3.7,3.5, 3.60),
  ('lps-104-9','user-104',9, 3.8,3.7,3.9,3.8,3.9,3.7, 3.80),
  ('lps-104-10','user-104',10, 4.0,3.9,4.1,4.0,4.1,3.9, 4.00),
  -- user-105 (小林 由美) - 急成長型
  ('lps-105-1','user-105',1, 2.6,2.5,2.7,2.6,2.7,2.5, 2.60),
  ('lps-105-2','user-105',2, 2.9,2.8,3.0,2.9,3.0,2.8, 2.90),
  ('lps-105-3','user-105',3, 3.2,3.1,3.3,3.2,3.3,3.1, 3.20),
  ('lps-105-4','user-105',4, 3.5,3.4,3.6,3.5,3.6,3.4, 3.50),
  ('lps-105-5','user-105',5, 3.7,3.6,3.8,3.7,3.8,3.6, 3.70),
  ('lps-105-6','user-105',6, 3.9,3.8,4.0,3.9,4.0,3.8, 3.90),
  ('lps-105-7','user-105',7, 4.1,4.0,4.2,4.1,4.2,4.0, 4.10),
  ('lps-105-8','user-105',8, 4.3,4.2,4.4,4.3,4.4,4.2, 4.30),
  ('lps-105-9','user-105',9, 4.4,4.3,4.5,4.4,4.5,4.3, 4.40),
  ('lps-105-10','user-105',10, 4.5,4.4,4.6,4.5,4.6,4.4, 4.50),
  -- user-106 (齋藤 翔太) - 後期コホート 平均型
  ('lps-106-1','user-106',1, 2.7,2.6,2.8,2.7,2.8,2.6, 2.70),
  ('lps-106-2','user-106',2, 2.9,2.8,3.0,2.9,3.0,2.8, 2.90),
  ('lps-106-3','user-106',3, 3.0,2.9,3.1,3.0,3.1,2.9, 3.00),
  ('lps-106-4','user-106',4, 3.2,3.1,3.3,3.2,3.3,3.1, 3.20),
  ('lps-106-5','user-106',5, 3.3,3.2,3.4,3.3,3.4,3.2, 3.30),
  ('lps-106-6','user-106',6, 3.5,3.4,3.6,3.5,3.6,3.4, 3.50),
  ('lps-106-7','user-106',7, 3.6,3.5,3.7,3.6,3.7,3.5, 3.60),
  ('lps-106-8','user-106',8, 3.8,3.7,3.9,3.8,3.9,3.7, 3.80),
  ('lps-106-9','user-106',9, 3.9,3.8,4.0,3.9,4.0,3.8, 3.90),
  ('lps-106-10','user-106',10, 4.0,3.9,4.1,4.0,4.1,3.9, 4.00),
  -- user-107 (山本 結衣) - トップ層
  ('lps-107-1','user-107',1, 3.2,3.1,3.3,3.2,3.3,3.1, 3.20),
  ('lps-107-2','user-107',2, 3.4,3.3,3.5,3.4,3.5,3.3, 3.40),
  ('lps-107-3','user-107',3, 3.6,3.5,3.7,3.6,3.7,3.5, 3.60),
  ('lps-107-4','user-107',4, 3.8,3.7,3.9,3.8,3.9,3.7, 3.80),
  ('lps-107-5','user-107',5, 4.0,3.9,4.1,4.0,4.1,3.9, 4.00),
  ('lps-107-6','user-107',6, 4.2,4.1,4.3,4.2,4.3,4.1, 4.20),
  ('lps-107-7','user-107',7, 4.3,4.2,4.4,4.3,4.4,4.2, 4.30),
  ('lps-107-8','user-107',8, 4.5,4.4,4.6,4.5,4.6,4.4, 4.50),
  ('lps-107-9','user-107',9, 4.6,4.5,4.7,4.6,4.7,4.5, 4.60),
  ('lps-107-10','user-107',10, 4.7,4.6,4.8,4.7,4.8,4.6, 4.70),
  -- user-108 (中村 拓海) - U字回復型
  ('lps-108-1','user-108',1, 2.8,2.7,2.9,2.8,2.9,2.7, 2.80),
  ('lps-108-2','user-108',2, 2.6,2.5,2.7,2.6,2.7,2.5, 2.60),
  ('lps-108-3','user-108',3, 2.5,2.4,2.6,2.5,2.6,2.4, 2.50),
  ('lps-108-4','user-108',4, 2.7,2.6,2.8,2.7,2.8,2.6, 2.70),
  ('lps-108-5','user-108',5, 3.0,2.9,3.1,3.0,3.1,2.9, 3.00),
  ('lps-108-6','user-108',6, 3.3,3.2,3.4,3.3,3.4,3.2, 3.30),
  ('lps-108-7','user-108',7, 3.6,3.5,3.7,3.6,3.7,3.5, 3.60),
  ('lps-108-8','user-108',8, 3.8,3.7,3.9,3.8,3.9,3.7, 3.80),
  ('lps-108-9','user-108',9, 4.0,3.9,4.1,4.0,4.1,3.9, 4.00),
  ('lps-108-10','user-108',10, 4.1,4.0,4.2,4.1,4.2,4.0, 4.10),
  -- user-109 (渡辺 千夏) - 中位安定型
  ('lps-109-1','user-109',1, 2.5,2.4,2.6,2.5,2.6,2.4, 2.50),
  ('lps-109-2','user-109',2, 2.7,2.6,2.8,2.7,2.8,2.6, 2.70),
  ('lps-109-3','user-109',3, 2.9,2.8,3.0,2.9,3.0,2.8, 2.90),
  ('lps-109-4','user-109',4, 3.0,2.9,3.1,3.0,3.1,2.9, 3.00),
  ('lps-109-5','user-109',5, 3.2,3.1,3.3,3.2,3.3,3.1, 3.20),
  ('lps-109-6','user-109',6, 3.3,3.2,3.4,3.3,3.4,3.2, 3.30),
  ('lps-109-7','user-109',7, 3.4,3.3,3.5,3.4,3.5,3.3, 3.40),
  ('lps-109-8','user-109',8, 3.6,3.5,3.7,3.6,3.7,3.5, 3.60),
  ('lps-109-9','user-109',9, 3.7,3.6,3.8,3.7,3.8,3.6, 3.70),
  ('lps-109-10','user-109',10, 3.8,3.7,3.9,3.8,3.9,3.7, 3.80);

-- ── journal_entries ── 学生10名 × 各2件（合計 20件 + 既存7件）
INSERT OR IGNORE INTO journal_entries (id, student_id, entry_date, week_number, title, content, word_count, status) VALUES
  ('j-101-w1','user-101','2023-05-08',1,'初日の観察','指導教員の授業を1日観察し、発問のテンポと板書計画の重要性を学んだ。次回は自分の発問案を準備する。',105,'submitted'),
  ('j-101-w5','user-101','2023-06-05',5,'グループ学習の運営','初めて単独でグループ学習を進行。困っている児童への声掛けが課題だった。先生からの助言を受けて改善したい。',118,'submitted'),
  ('j-102-w1','user-102','2023-05-08',1,'実習開始','学校全体の流れを把握。職員会議や朝会の重要性を実感。',62,'submitted'),
  ('j-102-w5','user-102','2023-06-05',5,'算数の研究授業','割合の概念導入で躓く児童が複数いた。視覚教材を増やす必要性を感じた。',82,'submitted'),
  ('j-103-w1','user-103','2023-05-08',1,'第一週まとめ','静かに観察に徹した週。担任の言葉選びがとても勉強になった。',58,'submitted'),
  ('j-103-w5','user-103','2023-06-05',5,'国語の補助','音読の指導で個別差への対応を学んだ。一人ひとりに合った声掛けを意識する。',74,'submitted'),
  ('j-104-w1','user-104','2023-05-08',1,'初日','緊張で何もできなかった。明日からは少しずつ声を出す。',45,'submitted'),
  ('j-104-w5','user-104','2023-06-05',5,'徐々に慣れる','子どもとの関係が築けてきた。授業中の机間指導も自分から動けるようになった。',86,'submitted'),
  ('j-105-w1','user-105','2023-05-08',1,'観察初日','担任の声のトーンと間の取り方を細かく記録。明日以降も継続して観察したい。',82,'submitted'),
  ('j-105-w5','user-105','2023-06-05',5,'授業実施','初めての授業実施。発問が一方的になった反省。次回は児童の反応を待つ。',79,'submitted'),
  ('j-106-w1','user-106','2023-09-04',1,'後期実習開始','前期の経験を生かして、最初から積極的に動く。',48,'submitted'),
  ('j-106-w5','user-106','2023-10-02',5,'学級活動','係活動の話し合いを進行。意見の出にくい児童への配慮を学んだ。',75,'submitted'),
  ('j-107-w1','user-107','2023-09-04',1,'後期スタート','研究授業の準備を見据えて、計画的に学ぶ姿勢を意識する。',55,'submitted'),
  ('j-107-w5','user-107','2023-10-02',5,'授業案検討','単元構造を意識した授業案を作成。指導案の修正点を整理。',64,'submitted'),
  ('j-108-w1','user-108','2023-09-04',1,'再スタート','前期の反省を踏まえて、児童一人ひとりとの関係構築を最優先にする。',71,'submitted'),
  ('j-108-w5','user-108','2023-10-02',5,'信頼関係','休み時間に話しかけられることが増えた。学級全体の雰囲気も把握できてきた。',82,'submitted'),
  ('j-109-w1','user-109','2023-09-04',1,'観察と記録','記録の仕方を体系化したい。スマホメモではなく観察カードを使ってみる。',76,'submitted'),
  ('j-109-w5','user-109','2023-10-02',5,'授業補助','理科の実験で安全配慮の難しさを実感。班ごとの動きを俯瞰する力が必要。',81,'submitted');

-- ── evaluations ── 各 journal_entry に対する AI 評価
INSERT OR IGNORE INTO evaluations (id, journal_id, eval_type, total_score, factor1_score, factor2_score, factor3_score, factor4_score, factor5_score, factor6_score, overall_comment) VALUES
  ('ev-101-1','j-101-w1','ai', 2.40, 2.3, 2.4, 2.5, 2.4,2.5,2.3, '初週としては良好な観察記録。次週からの行動目標が明確で発展性がある。'),
  ('ev-101-5','j-101-w5','ai', 3.70, 3.6, 3.7, 3.8, 3.7,3.8,3.6, '具体的な指導場面の省察が深い。改善案も具体的で実践的。'),
  ('ev-102-1','j-102-w1','ai', 3.05, 3.0, 3.1, 3.0, 3.1,3.2,3.0, '俯瞰的な視点で実習開始を捉えている。次は個別場面への踏み込みを期待。'),
  ('ev-102-5','j-102-w5','ai', 3.45, 3.4, 3.5, 3.4, 3.5,3.6,3.4, '教材の課題を具体的に発見できている。改善策の言語化も丁寧。'),
  ('ev-103-1','j-103-w1','ai', 2.45, 2.4, 2.5, 2.4, 2.5,2.6,2.4, '観察に徹する姿勢は良いが、自分の気づきの記述をもう少し増やしたい。'),
  ('ev-103-5','j-103-w5','ai', 3.05, 3.0, 3.1, 3.0, 3.1,3.2,3.0, '個別差への気づきが明示的。来週から声掛けの工夫を試行する流れが見える。'),
  ('ev-104-1','j-104-w1','ai', 2.05, 2.0, 2.1, 2.0, 2.1,2.2,2.0, '緊張感の自覚はあるが、具体的な観察事実の記述を増やすこと。'),
  ('ev-104-5','j-104-w5','ai', 2.85, 2.8, 2.9, 2.8, 2.9,3.0,2.8, '関係構築の進展が記述から読み取れる。次は授業実施場面の省察を。'),
  ('ev-105-1','j-105-w1','ai', 2.65, 2.6, 2.7, 2.6, 2.7,2.8,2.6, '観察の視点が明確で、継続的記録の意図がある。良い導入。'),
  ('ev-105-5','j-105-w5','ai', 3.75, 3.7, 3.8, 3.7, 3.8,3.9,3.7, '反省点を次回行動につなげる流れが明確。発問計画の具体化を期待。'),
  ('ev-106-1','j-106-w1','ai', 2.75, 2.7, 2.8, 2.7, 2.8,2.9,2.7, '前期経験を生かす姿勢は素晴らしい。具体的な目標設定をもう一段。'),
  ('ev-106-5','j-106-w5','ai', 3.55, 3.5, 3.6, 3.5, 3.6,3.7,3.5, '配慮の意識が明示されており、学級経営力の伸長が見える。'),
  ('ev-107-1','j-107-w1','ai', 3.25, 3.2, 3.3, 3.2, 3.3,3.4,3.2, '計画性が際立つ。研究授業に向けた長期計画の言語化を継続したい。'),
  ('ev-107-5','j-107-w5','ai', 4.05, 4.0, 4.1, 4.0, 4.1,4.2,4.0, '単元構造への視座が高く、指導案の改善点も具体的。'),
  ('ev-108-1','j-108-w1','ai', 2.85, 2.8, 2.9, 2.8, 2.9,3.0,2.8, '前期の反省を踏まえた優先順位設定が明確。'),
  ('ev-108-5','j-108-w5','ai', 3.75, 3.7, 3.8, 3.7, 3.8,3.9,3.7, '関係構築の手応えが具体的記述で確認できる。'),
  ('ev-109-1','j-109-w1','ai', 2.55, 2.5, 2.6, 2.5, 2.6,2.7,2.5, '記録方法を体系化する志向が良い。次週で具体的フォーマットを共有したい。'),
  ('ev-109-5','j-109-w5','ai', 3.45, 3.4, 3.5, 3.4, 3.5,3.6,3.4, '安全配慮の難しさへの気づきは現場感覚として重要。');
