INSERT OR REPLACE INTO scat_runs (id, journal_id, student_id, status) VALUES ('run-f69ba75e-36a8-4c58-ab04-2eb9e62257b6', 'f69ba75e-36a8-4c58-ab04-2eb9e62257b6', 'user-001', 'completed');
INSERT OR REPLACE INTO scat_segments (id, run_id, journal_id, segment_text, segment_order) VALUES ('seg-f69ba75e-36a8-4c58-ab04-2eb9e62257b6-1', 'run-f69ba75e-36a8-4c58-ab04-2eb9e62257b6', 'f69ba75e-36a8-4c58-ab04-2eb9e62257b6', '朝の会での様子から、児童が少し落ち着かない様子であることが分かった。そこで、静かに話しかけることで落ち着きを取り戻させた。', 1);
INSERT OR REPLACE INTO scat_concepts (id, segment_id, code1, code2, code3, code4) VALUES ('con-seg-f69ba75e-36a8-4c58-ab04-2eb9e62257b6-1-1', 'seg-f69ba75e-36a8-4c58-ab04-2eb9e62257b6-1', '落ち着かない様子', '状況把握', '児童理解', '児童の状態に応じた柔軟な対応');
INSERT OR REPLACE INTO scat_journal_elements (id, journal_id, element_code, present) VALUES ('je-f69ba75e-36a8-4c58-ab04-2eb9e62257b6-M2', 'f69ba75e-36a8-4c58-ab04-2eb9e62257b6', 'M2', 1);
INSERT OR IGNORE INTO scat_student_mastery (id, student_id, element_code, mastered, first_journal_id, first_week_number) VALUES ('sm-user-001-M2', 'user-001', 'M2', 1, 'f69ba75e-36a8-4c58-ab04-2eb9e62257b6', 1);
INSERT OR REPLACE INTO scat_journal_elements (id, journal_id, element_code, present) VALUES ('je-f69ba75e-36a8-4c58-ab04-2eb9e62257b6-M13', 'f69ba75e-36a8-4c58-ab04-2eb9e62257b6', 'M13', 1);
INSERT OR IGNORE INTO scat_student_mastery (id, student_id, element_code, mastered, first_journal_id, first_week_number) VALUES ('sm-user-001-M13', 'user-001', 'M13', 1, 'f69ba75e-36a8-4c58-ab04-2eb9e62257b6', 1);
INSERT OR REPLACE INTO scat_journal_elements (id, journal_id, element_code, present) VALUES ('je-f69ba75e-36a8-4c58-ab04-2eb9e62257b6-M15', 'f69ba75e-36a8-4c58-ab04-2eb9e62257b6', 'M15', 1);
INSERT OR IGNORE INTO scat_student_mastery (id, student_id, element_code, mastered, first_journal_id, first_week_number) VALUES ('sm-user-001-M15', 'user-001', 'M15', 1, 'f69ba75e-36a8-4c58-ab04-2eb9e62257b6', 1);
INSERT OR REPLACE INTO scat_journal_elements (id, journal_id, element_code, present) VALUES ('je-f69ba75e-36a8-4c58-ab04-2eb9e62257b6-M17', 'f69ba75e-36a8-4c58-ab04-2eb9e62257b6', 'M17', 1);
INSERT OR IGNORE INTO scat_student_mastery (id, student_id, element_code, mastered, first_journal_id, first_week_number) VALUES ('sm-user-001-M17', 'user-001', 'M17', 1, 'f69ba75e-36a8-4c58-ab04-2eb9e62257b6', 1);
INSERT OR REPLACE INTO scat_runs (id, journal_id, student_id, status) VALUES ('run-e94692f1-8bad-4b2a-a7b6-3c6d0f60d4ce', 'e94692f1-8bad-4b2a-a7b6-3c6d0f60d4ce', 'user-001', 'completed');
INSERT OR REPLACE INTO scat_segments (id, run_id, journal_id, segment_text, segment_order) VALUES ('seg-e94692f1-8bad-4b2a-a7b6-3c6d0f60d4ce-1', 'run-e94692f1-8bad-4b2a-a7b6-3c6d0f60d4ce', 'e94692f1-8bad-4b2a-a7b6-3c6d0f60d4ce', '朝の会での様子から、児童が少し落ち着かない様子であることが分かった。そこで、静かに話しかけることで落ち着きを取り戻させた。', 1);
INSERT OR REPLACE INTO scat_concepts (id, segment_id, code1, code2, code3, code4) VALUES ('con-seg-e94692f1-8bad-4b2a-a7b6-3c6d0f60d4ce-1-1', 'seg-e94692f1-8bad-4b2a-a7b6-3c6d0f60d4ce-1', '落ち着かない様子', '状況把握', '児童理解', '児童の状態に応じた柔軟な対応');
INSERT OR REPLACE INTO scat_journal_elements (id, journal_id, element_code, present) VALUES ('je-e94692f1-8bad-4b2a-a7b6-3c6d0f60d4ce-M1', 'e94692f1-8bad-4b2a-a7b6-3c6d0f60d4ce', 'M1', 1);
INSERT OR IGNORE INTO scat_student_mastery (id, student_id, element_code, mastered, first_journal_id, first_week_number) VALUES ('sm-user-001-M1', 'user-001', 'M1', 1, 'e94692f1-8bad-4b2a-a7b6-3c6d0f60d4ce', 2);
INSERT OR REPLACE INTO scat_journal_elements (id, journal_id, element_code, present) VALUES ('je-e94692f1-8bad-4b2a-a7b6-3c6d0f60d4ce-M3', 'e94692f1-8bad-4b2a-a7b6-3c6d0f60d4ce', 'M3', 1);
INSERT OR IGNORE INTO scat_student_mastery (id, student_id, element_code, mastered, first_journal_id, first_week_number) VALUES ('sm-user-001-M3', 'user-001', 'M3', 1, 'e94692f1-8bad-4b2a-a7b6-3c6d0f60d4ce', 2);
INSERT OR REPLACE INTO scat_journal_elements (id, journal_id, element_code, present) VALUES ('je-e94692f1-8bad-4b2a-a7b6-3c6d0f60d4ce-M10', 'e94692f1-8bad-4b2a-a7b6-3c6d0f60d4ce', 'M10', 1);
INSERT OR IGNORE INTO scat_student_mastery (id, student_id, element_code, mastered, first_journal_id, first_week_number) VALUES ('sm-user-001-M10', 'user-001', 'M10', 1, 'e94692f1-8bad-4b2a-a7b6-3c6d0f60d4ce', 2);
INSERT OR REPLACE INTO scat_journal_elements (id, journal_id, element_code, present) VALUES ('je-e94692f1-8bad-4b2a-a7b6-3c6d0f60d4ce-M14', 'e94692f1-8bad-4b2a-a7b6-3c6d0f60d4ce', 'M14', 1);
INSERT OR IGNORE INTO scat_student_mastery (id, student_id, element_code, mastered, first_journal_id, first_week_number) VALUES ('sm-user-001-M14', 'user-001', 'M14', 1, 'e94692f1-8bad-4b2a-a7b6-3c6d0f60d4ce', 2);
INSERT OR REPLACE INTO scat_runs (id, journal_id, student_id, status) VALUES ('run-f6e11172-8ce8-43e1-9273-be9ab74388b9', 'f6e11172-8ce8-43e1-9273-be9ab74388b9', 'user-001', 'completed');
INSERT OR REPLACE INTO scat_segments (id, run_id, journal_id, segment_text, segment_order) VALUES ('seg-f6e11172-8ce8-43e1-9273-be9ab74388b9-1', 'run-f6e11172-8ce8-43e1-9273-be9ab74388b9', 'f6e11172-8ce8-43e1-9273-be9ab74388b9', '朝の会での様子から、児童が少し落ち着かない様子であることが分かった。そこで、静かに話しかけることで落ち着きを取り戻させた。', 1);
INSERT OR REPLACE INTO scat_concepts (id, segment_id, code1, code2, code3, code4) VALUES ('con-seg-f6e11172-8ce8-43e1-9273-be9ab74388b9-1-1', 'seg-f6e11172-8ce8-43e1-9273-be9ab74388b9-1', '落ち着かない様子', '状況把握', '児童理解', '児童の状態に応じた柔軟な対応');
INSERT OR REPLACE INTO scat_journal_elements (id, journal_id, element_code, present) VALUES ('je-f6e11172-8ce8-43e1-9273-be9ab74388b9-M4', 'f6e11172-8ce8-43e1-9273-be9ab74388b9', 'M4', 1);
INSERT OR IGNORE INTO scat_student_mastery (id, student_id, element_code, mastered, first_journal_id, first_week_number) VALUES ('sm-user-001-M4', 'user-001', 'M4', 1, 'f6e11172-8ce8-43e1-9273-be9ab74388b9', 3);
INSERT OR REPLACE INTO scat_journal_elements (id, journal_id, element_code, present) VALUES ('je-f6e11172-8ce8-43e1-9273-be9ab74388b9-M5', 'f6e11172-8ce8-43e1-9273-be9ab74388b9', 'M5', 1);
INSERT OR IGNORE INTO scat_student_mastery (id, student_id, element_code, mastered, first_journal_id, first_week_number) VALUES ('sm-user-001-M5', 'user-001', 'M5', 1, 'f6e11172-8ce8-43e1-9273-be9ab74388b9', 3);
INSERT OR REPLACE INTO scat_journal_elements (id, journal_id, element_code, present) VALUES ('je-f6e11172-8ce8-43e1-9273-be9ab74388b9-M6', 'f6e11172-8ce8-43e1-9273-be9ab74388b9', 'M6', 1);
INSERT OR IGNORE INTO scat_student_mastery (id, student_id, element_code, mastered, first_journal_id, first_week_number) VALUES ('sm-user-001-M6', 'user-001', 'M6', 1, 'f6e11172-8ce8-43e1-9273-be9ab74388b9', 3);
INSERT OR REPLACE INTO scat_journal_elements (id, journal_id, element_code, present) VALUES ('je-f6e11172-8ce8-43e1-9273-be9ab74388b9-M19', 'f6e11172-8ce8-43e1-9273-be9ab74388b9', 'M19', 1);
INSERT OR IGNORE INTO scat_student_mastery (id, student_id, element_code, mastered, first_journal_id, first_week_number) VALUES ('sm-user-001-M19', 'user-001', 'M19', 1, 'f6e11172-8ce8-43e1-9273-be9ab74388b9', 3);
INSERT OR REPLACE INTO scat_runs (id, journal_id, student_id, status) VALUES ('run-c7befbc3-e41d-4d38-8000-98b387c0eea9', 'c7befbc3-e41d-4d38-8000-98b387c0eea9', 'user-001', 'completed');
INSERT OR REPLACE INTO scat_segments (id, run_id, journal_id, segment_text, segment_order) VALUES ('seg-c7befbc3-e41d-4d38-8000-98b387c0eea9-1', 'run-c7befbc3-e41d-4d38-8000-98b387c0eea9', 'c7befbc3-e41d-4d38-8000-98b387c0eea9', '朝の会での様子から、児童が少し落ち着かない様子であることが分かった。そこで、静かに話しかけることで落ち着きを取り戻させた。', 1);
INSERT OR REPLACE INTO scat_concepts (id, segment_id, code1, code2, code3, code4) VALUES ('con-seg-c7befbc3-e41d-4d38-8000-98b387c0eea9-1-1', 'seg-c7befbc3-e41d-4d38-8000-98b387c0eea9-1', '落ち着かない様子', '状況把握', '児童理解', '児童の状態に応じた柔軟な対応');
INSERT OR REPLACE INTO scat_journal_elements (id, journal_id, element_code, present) VALUES ('je-c7befbc3-e41d-4d38-8000-98b387c0eea9-M7', 'c7befbc3-e41d-4d38-8000-98b387c0eea9', 'M7', 1);
INSERT OR IGNORE INTO scat_student_mastery (id, student_id, element_code, mastered, first_journal_id, first_week_number) VALUES ('sm-user-001-M7', 'user-001', 'M7', 1, 'c7befbc3-e41d-4d38-8000-98b387c0eea9', 4);
INSERT OR REPLACE INTO scat_journal_elements (id, journal_id, element_code, present) VALUES ('je-c7befbc3-e41d-4d38-8000-98b387c0eea9-M8', 'c7befbc3-e41d-4d38-8000-98b387c0eea9', 'M8', 1);
INSERT OR IGNORE INTO scat_student_mastery (id, student_id, element_code, mastered, first_journal_id, first_week_number) VALUES ('sm-user-001-M8', 'user-001', 'M8', 1, 'c7befbc3-e41d-4d38-8000-98b387c0eea9', 4);
INSERT OR REPLACE INTO scat_journal_elements (id, journal_id, element_code, present) VALUES ('je-c7befbc3-e41d-4d38-8000-98b387c0eea9-M11', 'c7befbc3-e41d-4d38-8000-98b387c0eea9', 'M11', 1);
INSERT OR IGNORE INTO scat_student_mastery (id, student_id, element_code, mastered, first_journal_id, first_week_number) VALUES ('sm-user-001-M11', 'user-001', 'M11', 1, 'c7befbc3-e41d-4d38-8000-98b387c0eea9', 4);
INSERT OR REPLACE INTO scat_journal_elements (id, journal_id, element_code, present) VALUES ('je-c7befbc3-e41d-4d38-8000-98b387c0eea9-M20', 'c7befbc3-e41d-4d38-8000-98b387c0eea9', 'M20', 1);
INSERT OR IGNORE INTO scat_student_mastery (id, student_id, element_code, mastered, first_journal_id, first_week_number) VALUES ('sm-user-001-M20', 'user-001', 'M20', 1, 'c7befbc3-e41d-4d38-8000-98b387c0eea9', 4);
INSERT OR REPLACE INTO scat_runs (id, journal_id, student_id, status) VALUES ('run-7a3f4126-f4b3-4060-8e43-c4c7c08f7482', '7a3f4126-f4b3-4060-8e43-c4c7c08f7482', 'user-001', 'completed');
INSERT OR REPLACE INTO scat_segments (id, run_id, journal_id, segment_text, segment_order) VALUES ('seg-7a3f4126-f4b3-4060-8e43-c4c7c08f7482-1', 'run-7a3f4126-f4b3-4060-8e43-c4c7c08f7482', '7a3f4126-f4b3-4060-8e43-c4c7c08f7482', '朝の会での様子から、児童が少し落ち着かない様子であることが分かった。そこで、静かに話しかけることで落ち着きを取り戻させた。', 1);
INSERT OR REPLACE INTO scat_concepts (id, segment_id, code1, code2, code3, code4) VALUES ('con-seg-7a3f4126-f4b3-4060-8e43-c4c7c08f7482-1-1', 'seg-7a3f4126-f4b3-4060-8e43-c4c7c08f7482-1', '落ち着かない様子', '状況把握', '児童理解', '児童の状態に応じた柔軟な対応');
INSERT OR REPLACE INTO scat_journal_elements (id, journal_id, element_code, present) VALUES ('je-7a3f4126-f4b3-4060-8e43-c4c7c08f7482-M9', '7a3f4126-f4b3-4060-8e43-c4c7c08f7482', 'M9', 1);
INSERT OR IGNORE INTO scat_student_mastery (id, student_id, element_code, mastered, first_journal_id, first_week_number) VALUES ('sm-user-001-M9', 'user-001', 'M9', 1, '7a3f4126-f4b3-4060-8e43-c4c7c08f7482', 5);
INSERT OR REPLACE INTO scat_journal_elements (id, journal_id, element_code, present) VALUES ('je-7a3f4126-f4b3-4060-8e43-c4c7c08f7482-M12', '7a3f4126-f4b3-4060-8e43-c4c7c08f7482', 'M12', 1);
INSERT OR IGNORE INTO scat_student_mastery (id, student_id, element_code, mastered, first_journal_id, first_week_number) VALUES ('sm-user-001-M12', 'user-001', 'M12', 1, '7a3f4126-f4b3-4060-8e43-c4c7c08f7482', 5);
INSERT OR REPLACE INTO scat_journal_elements (id, journal_id, element_code, present) VALUES ('je-7a3f4126-f4b3-4060-8e43-c4c7c08f7482-M16', '7a3f4126-f4b3-4060-8e43-c4c7c08f7482', 'M16', 1);
INSERT OR IGNORE INTO scat_student_mastery (id, student_id, element_code, mastered, first_journal_id, first_week_number) VALUES ('sm-user-001-M16', 'user-001', 'M16', 1, '7a3f4126-f4b3-4060-8e43-c4c7c08f7482', 5);
INSERT OR REPLACE INTO scat_journal_elements (id, journal_id, element_code, present) VALUES ('je-7a3f4126-f4b3-4060-8e43-c4c7c08f7482-M18', '7a3f4126-f4b3-4060-8e43-c4c7c08f7482', 'M18', 1);
INSERT OR IGNORE INTO scat_student_mastery (id, student_id, element_code, mastered, first_journal_id, first_week_number) VALUES ('sm-user-001-M18', 'user-001', 'M18', 1, '7a3f4126-f4b3-4060-8e43-c4c7c08f7482', 5);
INSERT OR REPLACE INTO scat_student_mastery (id, student_id, element_code, mastered) VALUES ('sm-user-002-M1', 'user-002', 'M1', 1);
INSERT OR REPLACE INTO scat_student_mastery (id, student_id, element_code, mastered) VALUES ('sm-user-002-M2', 'user-002', 'M2', 1);
INSERT OR REPLACE INTO scat_student_mastery (id, student_id, element_code, mastered) VALUES ('sm-user-002-M3', 'user-002', 'M3', 1);
INSERT OR REPLACE INTO scat_student_mastery (id, student_id, element_code, mastered) VALUES ('sm-user-002-M4', 'user-002', 'M4', 1);
INSERT OR REPLACE INTO scat_student_mastery (id, student_id, element_code, mastered) VALUES ('sm-user-002-M13', 'user-002', 'M13', 1);
INSERT OR REPLACE INTO scat_student_mastery (id, student_id, element_code, mastered) VALUES ('sm-user-002-M14', 'user-002', 'M14', 1);